,IND1,IND3,IND7,IND8,IND9,IND10,IND11,IND12,IND14,IND15,IND17,IND18,IND19,IND21,IND22,IND23,IND24,IND25,IND26,IND27,IND28,IND29,IND31,IND32,IND33,IND34,IND36,IND37,IND38,IND41,IND42,IND44,IND48,IND49,IND50,IND52,IND53,IND54,IND59,IND60,IND61,IND62,IND63,IND65,IND66,IND67,IND68,IND69,IND70,IND71,IND72,IND73,IND74,IND75,IND76,IND77,IND79,IND80,IND81,IND82,IND84,IND85,IND87,IND88,IND89,IND92,IND93,IND94,IND95,IND96,IND97,IND98,IND99,IND101,IND102
trait,-0.23017748948328,1.55870831414912,0.070508391424576,0.129287735160946,1.71506498688328,0.460916205989202,-1.26506123460653,-0.686852851893526,-0.445661970099958,1.22408179743946,0.359813827057364,0.400771450594052,0.11068271594512,-0.555841134754075,1.78691313680308,0.497850478229239,-1.96661715662964,0.701355901563686,-0.472791407727934,-1.06782370598685,-0.217974914658295,-1.02600444830724,-0.72889122929114,-0.625039267849257,-1.68669331074241,0.837787044494525,0.153373117836515,-1.13813693701195,1.25381492106993,0.426464221476814,-0.295071482992271,0.895125661045022,0.878133487533042,0.821581081637487,0.688640254100091,0.553917653537589,-0.0619117105767217,-0.305962663739917,-0.380471001012383,-0.694706978920513,-0.207917278019599,-1.26539635156826,2.16895596533851,1.20796199830499,-1.12310858320335,-0.402884835299076,-0.466655353623219,0.779965118336318,-0.0833690664718293,0.253318513994755,-0.028546755348703,-0.0428704572913161,1.36860228401446,-0.225770985659268,1.51647060442954,-1.54875280423022,0.584613749636069,0.123854243844614,0.215941568743973,0.379639482759882,-0.502323453109302,-0.33320738366942,-1.01857538310709,-1.07179122647558,0.303528641404258,0.448209778629426,0.0530042267305041,0.922267467879738,2.05008468562714,-0.491031166056535,-2.30916887564081,1.00573852446226,-0.709200762582393,-0.688008616467358,1.0255713696967
