,IND1,IND3,IND7,IND8,IND9,IND10,IND11,IND12,IND14,IND15,IND17,IND18,IND19,IND21,IND22,IND23,IND24,IND25,IND26,IND27,IND28,IND29,IND31,IND32,IND33,IND34,IND36,IND37_IND57,IND38,IND41,IND42,IND44,IND48,IND49,IND50,IND52,IND53,IND60,IND61,IND62,IND63,IND66,IND67,IND68,IND69,IND70,IND71,IND72,IND73,IND74,IND75,IND76,IND77,IND79,IND80,IND81,IND82,IND84,IND85,IND87,IND88,IND89,IND92,IND93,IND94,IND95,IND96,IND97,IND98,IND99,IND101,IND102
trait,0.0198706834092698,0.0622837240758685,-0.205989478535666,0.165134094111004,-0.270353464632203,0.219431346687626,0.733406240274026,-0.759157907783652,-0.357654531617742,-0.547250309548369,1.45738167990119,-1.017507835094,-0.074643609363977,0.560156132466429,0.158388813113788,0.555795188299973,0.142049908303214,-1.1377610677767,0.0213786461589235,-0.27219452037449,-1.74767927696081,-0.493274883566774,1.86965605358862,0.808008912541779,-0.764151050995044,0.980734012071909,-1.12981775801329,-1.38742667353772,-0.419894443506657,-0.322739032545452,-0.728357108900283,1.63344096868678,0.0817203552595545,-0.167718159750884,-0.814769012322066,0.943506677036997,-0.308547110461012,0.291344301096962,1.18777245193481,-1.29525525838221,0.597648539160077,0.095250153493256,0.231674769013679,0.570231333039459,-0.968578689715511,0.139079763262302,1.7702916712084,1.28142596320997,0.969398366360929,0.79289495476396,0.827473456182255,-0.574221628034282,-0.930201709349697,-1.24199604871485,-1.48299649849426,-0.264852661888014,1.94105855728384,-0.0339672834560246,0.892269392891345,0.208751511404334,-0.54879844107234,0.259933738001844,0.726695534534339,1.17879712643011,-0.448686808943092,2.04068339153522,0.395900527963652,-0.542756481862244,1.38702558272817,0.199462572859588,-1.82511719955478,-0.187405056276015
