X,IND1,IND3,IND7,IND8,IND9,IND10,IND11,IND12,IND14,IND15,IND17,IND18,IND19,IND21,IND22,IND23,IND24,IND25,IND26,IND27,IND28,IND29,IND31,IND32,IND33,IND34,IND36,IND37_IND57,IND38,IND41,IND42,IND44,IND48,IND49,IND50,IND52,IND53,IND60,IND61,IND62,IND63,IND66,IND67,IND68,IND69,IND70,IND71,IND72,IND73,IND74,IND75,IND76,IND77,IND79,IND80,IND81,IND82,IND84,IND85,IND87,IND88,IND89,IND92,IND93,IND94,IND95,IND96,IND97,IND98,IND99,IND101,IND102
trait,0.787738847475178,0.76904224100091,0.332202578950118,-1.00837660827701,-0.119452606630659,-0.280395335170247,0.56298953322048,-0.372438756103829,0.976973386685621,-0.374580857767014,1.05271146557933,-1.04917700666607,-1.26015524475811,3.2410399349424,-0.416857588160432,0.298227591540715,0.636569674033849,-0.483780625708744,0.516862044313609,0.368964527385086,-0.215380507641693,0.0652930335253153,-0.034067253738464,2.12845189901618,-0.741336096272828,-1.09599626707466,0.0377883991710788,0.310480749443137,0.436523478910183,-0.458365332711106,-1.06332613397119,1.26318517608949,-0.349650387953555,-0.865512862653374,-0.236279568941097,-0.197175894348552,1.10992028971364,0.0847372921971965,0.754053785184521,-0.499292017172261,0.214445309581601,-0.324685911490835,0.0945835281735714,-0.895363357977542,-1.31080153332797,1.99721338474797,0.600708823672418,-1.25127136162494,-0.611165916680421,-1.18548008459731,2.19881034888372,1.31241297643351,-0.265145056696353,0.54319405923209,-0.41433994791886,-0.476246894615578,-0.788602837850243,-0.594617267459511,1.65090746733669,-0.0540281250854405,0.119245236427584,0.243687429599092,1.23247587848534,-0.51606383094478,-0.992507150392037,1.67569693240319,-0.441163216905286,-0.723065969939874,-1.23627311888329,-1.2847157223178,-0.573973479297987,0.617985817166529
