,IND1,IND2,IND3,IND4,IND5,IND6,IND7,IND8,IND9,IND10,IND11,IND12,IND13,IND14,IND15,IND16,IND17,IND18,IND19,IND20,IND21,IND22,IND23,IND24,IND25,IND26,IND27,IND28,IND29,IND30,IND31,IND32,IND33,IND34,IND35,IND36,IND37,IND38,IND39,IND40,IND41,IND42,IND43,IND44,IND45,IND46,IND47,IND48,IND49,IND50,IND51,IND52,IND53,IND54,IND55,IND56,IND57,IND58,IND59,IND60,IND61,IND62,IND63,IND64,IND65,IND66,IND67,IND68,IND69,IND70,IND71,IND72,IND73,IND74,IND75,IND76,IND77,IND78,IND79,IND80,IND81,IND82,IND83,IND84,IND85,IND86,IND87
random,0.319644633,0.210486515,0.953495867,0.88576978,0.919998462,0.038777147,0.977569066,0.264126303,0.554676322,0.002525934,0.756002729,0.620666379,0.260509915,0.064709814,0.619697966,0.922076251,0.132654225,0.250789688,0.075291809,0.647669484,0.860559409,0.869599157,0.238749282,0.143765862,0.967300877,0.095937682,0.875832494,0.694616455,0.575816486,0.604009337,0.869586524,0.114316155,0.37721512,0.837731198,0.235041749,0.23513841,0.357377366,0.205887649,0.879983776,0.590486401,0.17164986,0.848911246,0.84754542,0.055930714,0.318412558,0.985859222,0.599963368,0.298574398,0.059741477,0.019587932,0.739773036,0.995356288,0.792009026,0.911087433,0.26445702,0.397220793,0.369996561,0.825697143,0.941899456,0.401619492,0.781610398,0.640405057,0.767161406,0.061572433,0.29750951,0.072610539,0.97611451,0.327065314,0.060041478,0.987465488,0.388365853,0.174624716,0.7011727,0.80840878,0.011328433,0.227719773,0.551792478,0.674209684,0.699742866,0.333389174,0.560678065,0.027118015,0.428435507,0.377702844,0.782784118,0.171820488,0.037854635
