,IND1,IND3,IND5,IND7,IND8,IND9,IND10,IND11,IND12,IND14,IND15,IND16,IND17,IND18,IND19,IND21,IND22,IND23,IND24,IND25,IND26,IND27,IND28,IND29,IND30,IND31,IND32,IND33,IND34,IND36,IND37,IND38,IND40,IND41,IND42,IND43,IND44,IND47,IND48,IND49,IND50,IND52,IND53,IND54,IND55,IND57,IND59,IND60,IND61,IND62,IND63,IND64,IND65,IND66,IND67,IND68,IND69,IND70,IND71,IND72,IND73,IND74,IND75,IND76,IND77,IND79,IND80,IND81,IND82,IND84,IND85,IND86,IND87,IND88,IND89,IND91,IND92,IND93,IND94,IND95,IND96,IND97,IND98,IND99,IND101,IND108,IND102
random,0.423991272,0.505398277,0.369532197,0.737418588,0.986856516,0.940901255,0.997495169,0.099092265,0.777489979,0.711200053,0.183244101,0.44492006,0.85156265,0.890963726,0.434606898,0.968685162,0.044029328,0.384685529,0.740561283,0.813981007,0.558117838,0.72765089,0.114062919,0.598028507,0.28534581,0.001428403,0.170165591,0.168682741,0.523760743,0.059071469,0.50309866,0.879447807,0.969958357,0.67788121,0.914998711,0.73714319,0.951754849,0.62485254,0.985642245,0.838258653,0.041210295,0.418544005,0.789787499,0.369728205,0.678571543,0.906889917,0.69583337,0.253465213,0.460971551,0.829633114,0.669143958,0.020551004,0.001777278,0.169973659,0.950653849,0.751269063,0.272240646,0.919323116,0.185130575,0.784692961,0.297550437,0.447004437,0.154521397,0.467975688,0.544996698,0.600062726,0.185649711,0.789818536,0.676618602,0.102079237,0.74044402,0.199474946,0.846508635,0.124887571,0.62240819,0.80809561,0.131353586,0.025685701,0.615731425,0.840739067,0.340006035,0.624475417,0.082317429,0.071360034,0.068034661,0.386425818,0.810469449
